{"proxies":{"bencoding.alarmmanager.AlarmManagerProxy":{"superPackageName":"org.appcelerator.kroll","methods":{"addAlarmService":{"runOnUiThread":false,"hasInvocation":false,"args":[{"converter":"org.appcelerator.kroll.KrollConverter","defaultValueProvider":"org.appcelerator.kroll.KrollConverter","name":"hm","sourceName":"hm","type":"java.util.HashMap"}],"apiName":"addAlarmService","converter":"org.appcelerator.kroll.KrollConverter","defaultValueProvider":"org.appcelerator.kroll.KrollConverter","name":"__default_name__","returnType":"void"},"addAlarmNotification":{"runOnUiThread":false,"hasInvocation":false,"args":[{"converter":"org.appcelerator.kroll.KrollConverter","defaultValueProvider":"org.appcelerator.kroll.KrollConverter","name":"hm","sourceName":"hm","type":"java.util.HashMap"}],"apiName":"addAlarmNotification","converter":"org.appcelerator.kroll.KrollConverter","defaultValueProvider":"org.appcelerator.kroll.KrollConverter","name":"__default_name__","returnType":"void"},"setRootActivityClassName":{"runOnUiThread":false,"hasInvocation":false,"args":[{"converter":"org.appcelerator.kroll.KrollConverter","defaultValueProvider":"org.appcelerator.kroll.KrollConverter","name":"className","optional":true,"sourceName":"className","type":"java.lang.Object"}],"apiName":"setRootActivityClassName","converter":"org.appcelerator.kroll.KrollConverter","defaultValueProvider":"org.appcelerator.kroll.KrollConverter","name":"__default_name__","returnType":"void"},"cancelNotifications":{"runOnUiThread":false,"hasInvocation":false,"args":[],"apiName":"cancelNotifications","converter":"org.appcelerator.kroll.KrollConverter","defaultValueProvider":"org.appcelerator.kroll.KrollConverter","name":"__default_name__","returnType":"void"},"findStartActivityName":{"runOnUiThread":false,"hasInvocation":false,"args":[],"apiName":"findStartActivityName","converter":"org.appcelerator.kroll.KrollConverter","defaultValueProvider":"org.appcelerator.kroll.KrollConverter","name":"__default_name__","returnType":"java.lang.String"},"cancelAlarmService":{"runOnUiThread":false,"hasInvocation":false,"args":[{"converter":"org.appcelerator.kroll.KrollConverter","defaultValueProvider":"org.appcelerator.kroll.KrollConverter","name":"requestCode","optional":true,"sourceName":"requestCode","type":"java.lang.Object"}],"apiName":"cancelAlarmService","converter":"org.appcelerator.kroll.KrollConverter","defaultValueProvider":"org.appcelerator.kroll.KrollConverter","name":"__default_name__","returnType":"void"},"cancelNotification":{"runOnUiThread":false,"hasInvocation":false,"args":[{"converter":"org.appcelerator.kroll.KrollConverter","defaultValueProvider":"org.appcelerator.kroll.KrollConverter","name":"requestCode","sourceName":"requestCode","type":"int"}],"apiName":"cancelNotification","converter":"org.appcelerator.kroll.KrollConverter","defaultValueProvider":"org.appcelerator.kroll.KrollConverter","name":"__default_name__","returnType":"void"},"cancelAlarmNotification":{"runOnUiThread":false,"hasInvocation":false,"args":[{"converter":"org.appcelerator.kroll.KrollConverter","defaultValueProvider":"org.appcelerator.kroll.KrollConverter","name":"requestCode","optional":true,"sourceName":"requestCode","type":"java.lang.Object"}],"apiName":"cancelAlarmNotification","converter":"org.appcelerator.kroll.KrollConverter","defaultValueProvider":"org.appcelerator.kroll.KrollConverter","name":"__default_name__","returnType":"void"}},"superProxyBindingClassName":"org.appcelerator.kroll.KrollProxyBindingGen","proxyClassName":"AlarmManagerProxy","proxyAttrs":{"propertyAccessors":[],"fullAPIName":"Alarmmanager.AlarmManager","name":"AlarmManager","proxyClassName":"bencoding.alarmmanager.AlarmManagerProxy","isTopLevel":false,"id":"bencoding.alarmmanager.AlarmManagerProxy","creatableInModule":"bencoding.alarmmanager.AlarmmanagerModule","parentModule":"org.appcelerator.kroll.annotations.Kroll.DEFAULT"},"packageName":"bencoding.alarmmanager","sourceName":"bencoding.alarmmanager.AlarmManagerProxyBindingGen","isTitaniumSdk":false,"superProxyClassName":"KrollProxy","isModule":false,"genClassName":"AlarmManagerProxyBindingGen"},"bencoding.alarmmanager.AlarmProxy":{"superPackageName":"org.appcelerator.kroll","methods":{"addAlarmService":{"runOnUiThread":false,"hasInvocation":false,"args":[{"converter":"org.appcelerator.kroll.KrollConverter","defaultValueProvider":"org.appcelerator.kroll.KrollConverter","name":"hm","sourceName":"hm","type":"java.util.HashMap"}],"apiName":"addAlarmService","converter":"org.appcelerator.kroll.KrollConverter","defaultValueProvider":"org.appcelerator.kroll.KrollConverter","name":"__default_name__","returnType":"void"}},"superProxyBindingClassName":"org.appcelerator.kroll.KrollProxyBindingGen","proxyClassName":"AlarmProxy","proxyAttrs":{"propertyAccessors":[],"fullAPIName":"Alarmmanager.Alarm","name":"Alarm","proxyClassName":"bencoding.alarmmanager.AlarmProxy","isTopLevel":false,"id":"bencoding.alarmmanager.AlarmProxy","creatableInModule":"bencoding.alarmmanager.AlarmmanagerModule","parentModule":"org.appcelerator.kroll.annotations.Kroll.DEFAULT"},"packageName":"bencoding.alarmmanager","sourceName":"bencoding.alarmmanager.AlarmProxyBindingGen","isTitaniumSdk":false,"superProxyClassName":"KrollProxy","isModule":false,"genClassName":"AlarmProxyBindingGen"},"bencoding.alarmmanager.AlarmmanagerModule":{"superPackageName":"org.appcelerator.kroll","methods":{"disableLogging":{"runOnUiThread":false,"hasInvocation":false,"args":[],"apiName":"disableLogging","converter":"org.appcelerator.kroll.KrollConverter","defaultValueProvider":"org.appcelerator.kroll.KrollConverter","name":"__default_name__","returnType":"void"},"enableLogging":{"runOnUiThread":false,"hasInvocation":false,"args":[],"apiName":"enableLogging","converter":"org.appcelerator.kroll.KrollConverter","defaultValueProvider":"org.appcelerator.kroll.KrollConverter","name":"__default_name__","returnType":"void"}},"superProxyBindingClassName":"org.appcelerator.kroll.KrollModuleBindingGen","proxyClassName":"AlarmmanagerModule","proxyAttrs":{"propertyAccessors":[],"fullAPIName":"Alarmmanager","name":"Alarmmanager","proxyClassName":"bencoding.alarmmanager.AlarmmanagerModule","isTopLevel":false,"id":"bencoding.alarmmanager"},"packageName":"bencoding.alarmmanager","sourceName":"bencoding.alarmmanager.AlarmmanagerModuleBindingGen","constants":{"NOTIFICATION_IMPORTANCE_NONE":{"proxyName":"NOTIFICATION_IMPORTANCE_NONE","name":"NOTIFICATION_IMPORTANCE_NONE","type":"int","value":0},"NOTIFICATION_IMPORTANCE_DEFAULT":{"proxyName":"NOTIFICATION_IMPORTANCE_DEFAULT","name":"NOTIFICATION_IMPORTANCE_DEFAULT","type":"int","value":3},"NOTIFICATION_IMPORTANCE_MAX":{"proxyName":"NOTIFICATION_IMPORTANCE_MAX","name":"NOTIFICATION_IMPORTANCE_MAX","type":"int","value":5},"BADGE_ICON_LARGE":{"proxyName":"BADGE_ICON_LARGE","name":"BADGE_ICON_LARGE","type":"int","value":2},"PRIORITY_MAX":{"proxyName":"PRIORITY_MAX","name":"PRIORITY_MAX","type":"int","value":2},"VISIBILITY_SECRET":{"proxyName":"VISIBILITY_SECRET","name":"VISIBILITY_SECRET","type":"int","value":-1},"PRIORITY_MIN":{"proxyName":"PRIORITY_MIN","name":"PRIORITY_MIN","type":"int","value":-2},"BADGE_ICON_NONE":{"proxyName":"BADGE_ICON_NONE","name":"BADGE_ICON_NONE","type":"int","value":0},"VISIBILITY_PUBLIC":{"proxyName":"VISIBILITY_PUBLIC","name":"VISIBILITY_PUBLIC","type":"int","value":1},"NOTIFICATION_IMPORTANCE_LOW":{"proxyName":"NOTIFICATION_IMPORTANCE_LOW","name":"NOTIFICATION_IMPORTANCE_LOW","type":"int","value":2},"NOTIFICATION_IMPORTANCE_HIGHT":{"proxyName":"NOTIFICATION_IMPORTANCE_HIGHT","name":"NOTIFICATION_IMPORTANCE_HIGHT","type":"int","value":4},"VISIBILITY_PRIVATE":{"proxyName":"VISIBILITY_PRIVATE","name":"VISIBILITY_PRIVATE","type":"int","value":0},"PRIORITY_LOW":{"proxyName":"PRIORITY_LOW","name":"PRIORITY_LOW","type":"int","value":-1},"PRIORITY_DEFAULT":{"proxyName":"PRIORITY_DEFAULT","name":"PRIORITY_DEFAULT","type":"int","value":0},"BADGE_ICON_SMALL":{"proxyName":"BADGE_ICON_SMALL","name":"BADGE_ICON_SMALL","type":"int","value":1},"NOTIFICATION_IMPORTANCE_MIN":{"proxyName":"NOTIFICATION_IMPORTANCE_MIN","name":"NOTIFICATION_IMPORTANCE_MIN","type":"int","value":1},"PRIORITY_HIGH":{"proxyName":"PRIORITY_HIGH","name":"PRIORITY_HIGH","type":"int","value":1}},"isTitaniumSdk":false,"superProxyClassName":"KrollModule","isModule":true,"genClassName":"AlarmmanagerModuleBindingGen"}},"modules":{"bencoding.alarmmanager.AlarmmanagerModule":{"apiName":"Alarmmanager","createProxies":[{"propertyAccessors":[],"fullAPIName":"Alarmmanager.Alarm","name":"Alarm","proxyClassName":"bencoding.alarmmanager.AlarmProxy","isTopLevel":false,"id":"bencoding.alarmmanager.AlarmProxy","creatableInModule":"bencoding.alarmmanager.AlarmmanagerModule","parentModule":"org.appcelerator.kroll.annotations.Kroll.DEFAULT"},{"propertyAccessors":[],"fullAPIName":"Alarmmanager.AlarmManager","name":"AlarmManager","proxyClassName":"bencoding.alarmmanager.AlarmManagerProxy","isTopLevel":false,"id":"bencoding.alarmmanager.AlarmManagerProxy","creatableInModule":"bencoding.alarmmanager.AlarmmanagerModule","parentModule":"org.appcelerator.kroll.annotations.Kroll.DEFAULT"}]}}}